date_scraped,location,property_type,price_per_year,agency_fee,total_package,source,price_per_month,affordability_score,location_avg,overpriced_flag
2026-10-01,Masaka,Self-Contain,258084,25808,283892,PropertyPro Mock,21507.0,Budget,497086.25,False
2026-10-01,Masaka,Self-Contain,232428,23242,255670,PropertyPro Mock,19369.0,Budget,497086.25,False
2026-10-01,Masaka,Self-Contain,252126,25212,277338,PropertyPro Mock,21010.5,Budget,497086.25,False
2026-10-01,Masaka,1-Bedroom,351397,35139,386536,PropertyPro Mock,29283.08,Budget,497086.25,False
2026-10-01,Masaka,1-Bedroom,313363,31336,344699,PropertyPro Mock,26113.58,Budget,497086.25,False
2026-10-01,Masaka,1-Bedroom,322244,32224,354468,PropertyPro Mock,26853.67,Budget,497086.25,False
2026-10-01,Masaka,2-Bedroom,694525,69452,763977,PropertyPro Mock,57877.08,Mid,497086.25,True
2026-10-01,Masaka,2-Bedroom,517750,51775,569525,PropertyPro Mock,43145.83,Mid,497086.25,False
2026-10-01,Masaka,2-Bedroom,672727,67272,739999,PropertyPro Mock,56060.58,Mid,497086.25,True
2026-10-01,Masaka,3-Bedroom,815614,81561,897175,PropertyPro Mock,67967.83,High,497086.25,True
2026-10-01,Masaka,3-Bedroom,716708,71670,788378,PropertyPro Mock,59725.67,Mid,497086.25,True
2026-10-01,Masaka,3-Bedroom,818069,81806,899875,PropertyPro Mock,68172.42,High,497086.25,True
2026-10-01,Karu,Self-Contain,268174,26817,294991,PropertyPro Mock,22347.83,Budget,585668.6666666666,False
2026-10-01,Karu,Self-Contain,234352,23435,257787,PropertyPro Mock,19529.33,Budget,585668.6666666666,False
2026-10-01,Karu,Self-Contain,227836,22783,250619,PropertyPro Mock,18986.33,Budget,585668.6666666666,False
2026-10-01,Karu,1-Bedroom,449704,44970,494674,PropertyPro Mock,37475.33,Mid,585668.6666666666,False
2026-10-01,Karu,1-Bedroom,420961,42096,463057,PropertyPro Mock,35080.08,Mid,585668.6666666666,False
2026-10-01,Karu,1-Bedroom,390754,39075,429829,PropertyPro Mock,32562.83,Budget,585668.6666666666,False
2026-10-01,Karu,2-Bedroom,695294,69529,764823,PropertyPro Mock,57941.17,Mid,585668.6666666666,False
2026-10-01,Karu,2-Bedroom,715757,71575,787332,PropertyPro Mock,59646.42,Mid,585668.6666666666,True
2026-10-01,Karu,2-Bedroom,560653,56065,616718,PropertyPro Mock,46721.08,Mid,585668.6666666666,False
2026-10-01,Karu,3-Bedroom,1065947,106594,1172541,PropertyPro Mock,88828.92,High,585668.6666666666,True
2026-10-01,Karu,3-Bedroom,1005434,100543,1105977,PropertyPro Mock,83786.17,High,585668.6666666666,True
2026-10-01,Karu,3-Bedroom,993158,99315,1092473,PropertyPro Mock,82763.17,High,585668.6666666666,True
2026-10-01,Mararaba,Self-Contain,171982,17198,189180,PropertyPro Mock,14331.83,Budget,471161.1666666667,False
2026-10-01,Mararaba,Self-Contain,163094,16309,179403,PropertyPro Mock,13591.17,Budget,471161.1666666667,False
2026-10-01,Mararaba,Self-Contain,201748,20174,221922,PropertyPro Mock,16812.33,Budget,471161.1666666667,False
2026-10-01,Mararaba,1-Bedroom,347169,34716,381885,PropertyPro Mock,28930.75,Budget,471161.1666666667,False
2026-10-01,Mararaba,1-Bedroom,337641,33764,371405,PropertyPro Mock,28136.75,Budget,471161.1666666667,False
2026-10-01,Mararaba,1-Bedroom,362720,36272,398992,PropertyPro Mock,30226.67,Budget,471161.1666666667,False
2026-10-01,Mararaba,2-Bedroom,572804,57280,630084,PropertyPro Mock,47733.67,Mid,471161.1666666667,True
2026-10-01,Mararaba,2-Bedroom,595534,59553,655087,PropertyPro Mock,49627.83,Mid,471161.1666666667,True
2026-10-01,Mararaba,2-Bedroom,561413,56141,617554,PropertyPro Mock,46784.42,Mid,471161.1666666667,False
2026-10-01,Mararaba,3-Bedroom,876507,87650,964157,PropertyPro Mock,73042.25,High,471161.1666666667,True
2026-10-01,Mararaba,3-Bedroom,788113,78811,866924,PropertyPro Mock,65676.08,Mid,471161.1666666667,True
2026-10-01,Mararaba,3-Bedroom,675209,67520,742729,PropertyPro Mock,56267.42,Mid,471161.1666666667,True
2026-10-01,Wuse,Self-Contain,792595,79259,871854,PropertyPro Mock,66049.58,Mid,1678920.8333333333,False
2026-10-01,Wuse,Self-Contain,823505,82350,905855,PropertyPro Mock,68625.42,High,1678920.8333333333,False
2026-10-01,Wuse,Self-Contain,667547,66754,734301,PropertyPro Mock,55628.92,Mid,1678920.8333333333,False
2026-10-01,Wuse,1-Bedroom,1080167,108016,1188183,PropertyPro Mock,90013.92,High,1678920.8333333333,False
2026-10-01,Wuse,1-Bedroom,1274216,127421,1401637,PropertyPro Mock,106184.67,High,1678920.8333333333,False
2026-10-01,Wuse,1-Bedroom,1141155,114115,1255270,PropertyPro Mock,95096.25,High,1678920.8333333333,False
2026-10-01,Wuse,2-Bedroom,1768829,176882,1945711,PropertyPro Mock,147402.42,Luxury,1678920.8333333333,False
2026-10-01,Wuse,2-Bedroom,2198680,219868,2418548,PropertyPro Mock,183223.33,Luxury,1678920.8333333333,True
2026-10-01,Wuse,2-Bedroom,2304143,230414,2534557,PropertyPro Mock,192011.92,Luxury,1678920.8333333333,True
2026-10-01,Wuse,3-Bedroom,2587141,258714,2845855,PropertyPro Mock,215595.08,Luxury,1678920.8333333333,True
2026-10-01,Wuse,3-Bedroom,2863814,286381,3150195,PropertyPro Mock,238651.17,Luxury,1678920.8333333333,True
2026-10-01,Wuse,3-Bedroom,2645258,264525,2909783,PropertyPro Mock,220438.17,Luxury,1678920.8333333333,True
2026-10-01,Gwarimpa,Self-Contain,618088,61808,679896,PropertyPro Mock,51507.33,Mid,1356656.8333333333,False
2026-10-01,Gwarimpa,Self-Contain,482078,48207,530285,PropertyPro Mock,40173.17,Mid,1356656.8333333333,False
2026-10-01,Gwarimpa,Self-Contain,539829,53982,593811,PropertyPro Mock,44985.75,Mid,1356656.8333333333,False
2026-10-01,Gwarimpa,1-Bedroom,1042544,104254,1146798,PropertyPro Mock,86878.67,High,1356656.8333333333,False
2026-10-01,Gwarimpa,1-Bedroom,766056,76605,842661,PropertyPro Mock,63838.0,Mid,1356656.8333333333,False
2026-10-01,Gwarimpa,1-Bedroom,931469,93146,1024615,PropertyPro Mock,77622.42,High,1356656.8333333333,False
2026-10-01,Gwarimpa,2-Bedroom,1749188,174918,1924106,PropertyPro Mock,145765.67,Luxury,1356656.8333333333,True
2026-10-01,Gwarimpa,2-Bedroom,1237940,123794,1361734,PropertyPro Mock,103161.67,High,1356656.8333333333,False
2026-10-01,Gwarimpa,2-Bedroom,1680007,168000,1848007,PropertyPro Mock,140000.58,Luxury,1356656.8333333333,True
2026-10-01,Gwarimpa,3-Bedroom,2093218,209321,2302539,PropertyPro Mock,174434.83,Luxury,1356656.8333333333,True
2026-10-01,Gwarimpa,3-Bedroom,2643301,264330,2907631,PropertyPro Mock,220275.08,Luxury,1356656.8333333333,True
2026-10-01,Gwarimpa,3-Bedroom,2496164,249616,2745780,PropertyPro Mock,208013.67,Luxury,1356656.8333333333,True
2026-10-01,Kubwa,Self-Contain,374085,37408,411493,PropertyPro Mock,31173.75,Budget,905317.75,False
2026-10-01,Kubwa,Self-Contain,378920,37892,416812,PropertyPro Mock,31576.67,Budget,905317.75,False
2026-10-01,Kubwa,Self-Contain,417782,41778,459560,PropertyPro Mock,34815.17,Mid,905317.75,False
2026-10-01,Kubwa,1-Bedroom,653052,65305,718357,PropertyPro Mock,54421.0,Mid,905317.75,False
2026-10-01,Kubwa,1-Bedroom,561973,56197,618170,PropertyPro Mock,46831.08,Mid,905317.75,False
2026-10-01,Kubwa,1-Bedroom,745827,74582,820409,PropertyPro Mock,62152.25,Mid,905317.75,False
2026-10-01,Kubwa,2-Bedroom,1132690,113269,1245959,PropertyPro Mock,94390.83,High,905317.75,True
2026-10-01,Kubwa,2-Bedroom,1099364,109936,1209300,PropertyPro Mock,91613.67,High,905317.75,True
2026-10-01,Kubwa,2-Bedroom,1102710,110271,1212981,PropertyPro Mock,91892.5,High,905317.75,True
2026-10-01,Kubwa,3-Bedroom,1794655,179465,1974120,PropertyPro Mock,149554.58,Luxury,905317.75,True
2026-10-01,Kubwa,3-Bedroom,1243443,124344,1367787,PropertyPro Mock,103620.25,High,905317.75,True
2026-10-01,Kubwa,3-Bedroom,1359312,135931,1495243,PropertyPro Mock,113276.0,High,905317.75,True
2026-10-01,Lugbe,Self-Contain,298060,29806,327866,PropertyPro Mock,24838.33,Budget,698598.1666666666,False
2026-10-01,Lugbe,Self-Contain,357119,35711,392830,PropertyPro Mock,29759.92,Budget,698598.1666666666,False
2026-10-01,Lugbe,Self-Contain,334441,33444,367885,PropertyPro Mock,27870.08,Budget,698598.1666666666,False
2026-10-01,Lugbe,1-Bedroom,446737,44673,491410,PropertyPro Mock,37228.08,Mid,698598.1666666666,False
2026-10-01,Lugbe,1-Bedroom,478065,47806,525871,PropertyPro Mock,39838.75,Mid,698598.1666666666,False
2026-10-01,Lugbe,1-Bedroom,477622,47762,525384,PropertyPro Mock,39801.83,Mid,698598.1666666666,False
2026-10-01,Lugbe,2-Bedroom,782978,78297,861275,PropertyPro Mock,65248.17,Mid,698598.1666666666,False
2026-10-01,Lugbe,2-Bedroom,707879,70787,778666,PropertyPro Mock,58989.92,Mid,698598.1666666666,False
2026-10-01,Lugbe,2-Bedroom,781452,78145,859597,PropertyPro Mock,65121.0,Mid,698598.1666666666,False
2026-10-01,Lugbe,3-Bedroom,1083845,108384,1192229,PropertyPro Mock,90320.42,High,698598.1666666666,True
2026-10-01,Lugbe,3-Bedroom,1325773,132577,1458350,PropertyPro Mock,110481.08,High,698598.1666666666,True
2026-10-01,Lugbe,3-Bedroom,1309207,130920,1440127,PropertyPro Mock,109100.58,High,698598.1666666666,True
2026-10-01,Lekki,Self-Contain,1090448,109044,1199492,PropertyPro Mock,90870.67,High,3026001.4166666665,False
2026-10-01,Lekki,Self-Contain,1274220,127422,1401642,PropertyPro Mock,106185.0,High,3026001.4166666665,False
2026-10-01,Lekki,Self-Contain,1044742,104474,1149216,PropertyPro Mock,87061.83,High,3026001.4166666665,False
2026-10-01,Lekki,1-Bedroom,2247144,224714,2471858,PropertyPro Mock,187262.0,Luxury,3026001.4166666665,False
2026-10-01,Lekki,1-Bedroom,1750912,175091,1926003,PropertyPro Mock,145909.33,Luxury,3026001.4166666665,False
2026-10-01,Lekki,1-Bedroom,2346218,234621,2580839,PropertyPro Mock,195518.17,Luxury,3026001.4166666665,False
2026-10-01,Lekki,2-Bedroom,3891306,389130,4280436,PropertyPro Mock,324275.5,Luxury,3026001.4166666665,True
2026-10-01,Lekki,2-Bedroom,3786244,378624,4164868,PropertyPro Mock,315520.33,Luxury,3026001.4166666665,True
2026-10-01,Lekki,2-Bedroom,2844984,284498,3129482,PropertyPro Mock,237082.0,Luxury,3026001.4166666665,False
2026-10-01,Lekki,3-Bedroom,4924942,492494,5417436,PropertyPro Mock,410411.83,Luxury,3026001.4166666665,True
2026-10-01,Lekki,3-Bedroom,5119843,511984,5631827,PropertyPro Mock,426653.58,Luxury,3026001.4166666665,True
2026-10-01,Lekki,3-Bedroom,5991014,599101,6590115,PropertyPro Mock,499251.17,Luxury,3026001.4166666665,True
2026-10-01,Yaba,Self-Contain,615063,61506,676569,PropertyPro Mock,51255.25,Mid,1530676.3333333333,False
2026-10-01,Yaba,Self-Contain,663714,66371,730085,PropertyPro Mock,55309.5,Mid,1530676.3333333333,False
2026-10-01,Yaba,Self-Contain,699196,69919,769115,PropertyPro Mock,58266.33,Mid,1530676.3333333333,False
2026-10-01,Yaba,1-Bedroom,1119529,111952,1231481,PropertyPro Mock,93294.08,High,1530676.3333333333,False
2026-10-01,Yaba,1-Bedroom,947034,94703,1041737,PropertyPro Mock,78919.5,High,1530676.3333333333,False
2026-10-01,Yaba,1-Bedroom,1048885,104888,1153773,PropertyPro Mock,87407.08,High,1530676.3333333333,False
2026-10-01,Yaba,2-Bedroom,1754103,175410,1929513,PropertyPro Mock,146175.25,Luxury,1530676.3333333333,False
2026-10-01,Yaba,2-Bedroom,1642028,164202,1806230,PropertyPro Mock,136835.67,Luxury,1530676.3333333333,False
2026-10-01,Yaba,2-Bedroom,1925796,192579,2118375,PropertyPro Mock,160483.0,Luxury,1530676.3333333333,True
2026-10-01,Yaba,3-Bedroom,2282919,228291,2511210,PropertyPro Mock,190243.25,Luxury,1530676.3333333333,True
2026-10-01,Yaba,3-Bedroom,2445711,244571,2690282,PropertyPro Mock,203809.25,Luxury,1530676.3333333333,True
2026-10-01,Yaba,3-Bedroom,3224138,322413,3546551,PropertyPro Mock,268678.17,Luxury,1530676.3333333333,True
2026-10-01,Ikeja,Self-Contain,941053,94105,1035158,PropertyPro Mock,78421.08,High,1839699.5833333333,False
2026-10-01,Ikeja,Self-Contain,800570,80057,880627,PropertyPro Mock,66714.17,High,1839699.5833333333,False
2026-10-01,Ikeja,Self-Contain,826538,82653,909191,PropertyPro Mock,68878.17,High,1839699.5833333333,False
2026-10-01,Ikeja,1-Bedroom,1312453,131245,1443698,PropertyPro Mock,109371.08,High,1839699.5833333333,False
2026-10-01,Ikeja,1-Bedroom,1601850,160185,1762035,PropertyPro Mock,133487.5,Luxury,1839699.5833333333,False
2026-10-01,Ikeja,1-Bedroom,1457002,145700,1602702,PropertyPro Mock,121416.83,High,1839699.5833333333,False
2026-10-01,Ikeja,2-Bedroom,1963739,196373,2160112,PropertyPro Mock,163644.92,Luxury,1839699.5833333333,False
2026-10-01,Ikeja,2-Bedroom,2144422,214442,2358864,PropertyPro Mock,178701.83,Luxury,1839699.5833333333,False
2026-10-01,Ikeja,2-Bedroom,2011581,201158,2212739,PropertyPro Mock,167631.75,Luxury,1839699.5833333333,False
2026-10-01,Ikeja,3-Bedroom,3030647,303064,3333711,PropertyPro Mock,252553.92,Luxury,1839699.5833333333,True
2026-10-01,Ikeja,3-Bedroom,2703075,270307,2973382,PropertyPro Mock,225256.25,Luxury,1839699.5833333333,True
2026-10-01,Ikeja,3-Bedroom,3283465,328346,3611811,PropertyPro Mock,273622.08,Luxury,1839699.5833333333,True
