location,property_type,avg_price,min_price,max_price,count
Gwarimpa,1-Bedroom,913356.3333333334,766056,1042544,3
Gwarimpa,2-Bedroom,1555711.6666666667,1237940,1749188,3
Gwarimpa,3-Bedroom,2410894.3333333335,2093218,2643301,3
Gwarimpa,Self-Contain,546665.0,482078,618088,3
Ikeja,1-Bedroom,1457101.6666666667,1312453,1601850,3
Ikeja,2-Bedroom,2039914.0,1963739,2144422,3
Ikeja,3-Bedroom,3005729.0,2703075,3283465,3
Ikeja,Self-Contain,856053.6666666666,800570,941053,3
Karu,1-Bedroom,420473.0,390754,449704,3
Karu,2-Bedroom,657234.6666666666,560653,715757,3
Karu,3-Bedroom,1021513.0,993158,1065947,3
Karu,Self-Contain,243454.0,227836,268174,3
Kubwa,1-Bedroom,653617.3333333334,561973,745827,3
Kubwa,2-Bedroom,1111588.0,1099364,1132690,3
Kubwa,3-Bedroom,1465803.3333333333,1243443,1794655,3
Kubwa,Self-Contain,390262.3333333333,374085,417782,3
Lekki,1-Bedroom,2114758.0,1750912,2346218,3
Lekki,2-Bedroom,3507511.3333333335,2844984,3891306,3
Lekki,3-Bedroom,5345266.333333333,4924942,5991014,3
Lekki,Self-Contain,1136470.0,1044742,1274220,3
Lugbe,1-Bedroom,467474.6666666667,446737,478065,3
Lugbe,2-Bedroom,757436.3333333334,707879,782978,3
Lugbe,3-Bedroom,1239608.3333333333,1083845,1325773,3
Lugbe,Self-Contain,329873.3333333333,298060,357119,3
Mararaba,1-Bedroom,349176.6666666667,337641,362720,3
Mararaba,2-Bedroom,576583.6666666666,561413,595534,3
Mararaba,3-Bedroom,779943.0,675209,876507,3
Mararaba,Self-Contain,178941.33333333334,163094,201748,3
Masaka,1-Bedroom,329001.3333333333,313363,351397,3
Masaka,2-Bedroom,628334.0,517750,694525,3
Masaka,3-Bedroom,783463.6666666666,716708,818069,3
Masaka,Self-Contain,247546.0,232428,258084,3
Wuse,1-Bedroom,1165179.3333333333,1080167,1274216,3
Wuse,2-Bedroom,2090550.6666666667,1768829,2304143,3
Wuse,3-Bedroom,2698737.6666666665,2587141,2863814,3
Wuse,Self-Contain,761215.6666666666,667547,823505,3
Yaba,1-Bedroom,1038482.6666666666,947034,1119529,3
Yaba,2-Bedroom,1773975.6666666667,1642028,1925796,3
Yaba,3-Bedroom,2650922.6666666665,2282919,3224138,3
Yaba,Self-Contain,659324.3333333334,615063,699196,3
